size_m2,bedrooms,age_years,price_thousands_gbp
49,1,67,85.3
99,4,49,264.4
66,3,44,163.6
56,2,3,151.5
101,3,74,233.4
134,4,15,341.2
75,3,28,208.3
132,5,54,295.9
103,3,37,290.7
58,1,46,131.4
156,3,47,335.7
88,3,13,252.1
75,2,2,205.9
142,4,76,330.4
55,3,64,135.0
128,4,13,331.9
63,3,53,168.9
87,1,41,192.7
68,2,59,175.6
141,3,12,344.4
87,1,56,181.4
157,4,57,368.9
115,2,79,258.1
123,4,22,313.0
103,4,35,251.8
77,3,11,230.3
87,2,2,205.8
153,4,4,372.3
64,1,36,161.5
159,6,14,389.0
131,3,59,304.2
83,3,16,227.7
117,2,50,287.9
86,2,43,194.3
86,1,27,201.1
100,2,36,250.4
42,1,79,44.6
99,4,76,290.1
157,5,22,383.9
74,1,76,144.7
130,4,18,349.7
93,2,63,212.8
65,3,28,151.7
149,5,54,371.8
42,1,52,120.4
76,2,67,167.3
160,5,31,392.3
71,3,75,176.8
142,3,70,303.8
113,3,2,308.0
