weight_g,diameter_cm,fruit
199.0,7.9,orange
152.0,7.5,apple
192.0,7.8,orange
146.0,7.7,apple
206.0,8.5,orange
161.0,7.3,apple
152.0,6.7,apple
146.0,7.3,apple
171.0,6.9,apple
213.0,8.3,orange
167.0,7.5,apple
188.0,8.5,orange
210.0,8.3,orange
139.0,7.2,apple
175.0,8.8,orange
153.0,6.7,apple
207.0,7.6,orange
232.0,7.3,orange
201.0,8.3,orange
182.0,8.3,orange
215.0,8.4,orange
144.0,7.4,apple
148.0,7.2,apple
211.0,8.1,orange
158.0,7.1,apple
140.0,7.0,apple
159.0,7.0,apple
180.0,7.2,orange
201.0,7.9,orange
200.0,8.1,orange
218.0,7.2,orange
175.0,7.7,orange
162.0,6.9,apple
189.0,7.9,orange
142.0,7.2,apple
213.0,8.0,orange
133.0,6.4,apple
154.0,6.1,apple
212.0,8.0,orange
142.0,6.5,apple
142.0,6.5,apple
143.0,7.8,apple
195.0,7.9,orange
149.0,7.5,apple
167.0,7.4,apple
192.0,7.7,orange
213.0,7.5,orange
211.0,8.4,orange
182.0,8.1,orange
184.0,8.6,orange
193.0,7.6,orange
141.0,6.7,apple
147.0,7.2,apple
150.0,8.0,apple
152.0,6.5,apple
152.0,7.1,apple
147.0,7.9,apple
220.0,9.0,orange
146.0,6.7,apple
209.0,8.3,orange
