student_id,year_group,hours_revised,hours_sleep,test_score
1,9,5.1,7.9,57
2,10,9.5,8.8,86
3,10,1.4,7.7,44
4,11,9.5,6.2,66
5,11,3.1,8.8,45
6,11,4.2,7.3,60
7,10,8.3,7.3,77
8,10,4.1,8.4,52
9,9,5.5,5.7,57
10,10,0.3,8.7,42
11,10,7.5,8.1,74
12,10,5.4,8.5,68
13,9,3.3,5.9,49
14,9,7.9,8.6,73
15,9,3.0,5.9,45
16,9,4.5,5.4,58
17,10,1.3,8.8,31
18,9,4.0,8.9,56
19,9,2.0,8.9,48
20,9,2.6,7.1,38
21,11,7.5,6.2,69
22,9,2.8,5.0,40
23,11,4.9,7.9,64
24,10,9.8,8.2,81
25,9,9.6,8.8,86
26,11,7.2,6.3,73
27,11,5.4,6.0,60
28,11,2.8,7.9,44
29,9,1.6,8.6,36
30,11,9.7,9.3,94
31,11,5.2,5.7,55
32,11,1.2,7.2,37
33,11,6.2,9.0,68
34,10,7.8,6.9,69
35,10,6.1,7.7,69
36,11,9.2,5.1,73
37,11,0.4,8.0,39
38,11,5.3,9.1,59
39,10,4.6,8.7,62
40,10,0.6,9.0,35
